,ABI3BP,ALPK2,BTBD11,ENAM,GNA14,IL31RA,IL6,ITGB6,MUC17,NDST3,NMUR1,PCSK5,PIGR,PLS1,PTPRQ,RBFOX3,RELN,RYR2,TGM4,TOR4A,UCP2,XKR3,CD44
Core,0.056310042,-0.311828219,-0.323079328,-0.47260087,-0.154211766,-0.189619336,-0.560596239,-0.109645486,0.402911335,0.078000354,-0.49157071,-0.688517975,0.141880496,0.301162152,-0.207993483,0.130962578,0.248240819,0.010439654,0.58354582,-0.663207949,0.089285281,-0.402419771,-0.787326948
Rim,0.376056056,-0.704373179,-0.141419034,0.195104192,-0.039475844,0.328683994,-0.579980547,-0.300670331,-0.224889848,0.477741706,-0.07726378,-0.869047289,-0.27307565,0.219467349,-0.373546601,0.614422267,0.623093621,0.480559793,-0.598063018,-0.738587083,-0.56792148,-0.278354232,-0.782595485
Inv,-0.44427495,-0.062807749,0.671036452,0.580698163,0.139356368,-0.361877137,-0.489600706,0.272818956,0.717295819,0.720693516,-0.205461544,-0.272643371,-0.628650442,0.006017474,0.114586465,0.692461847,0.498684823,0.360192746,0.079946557,-0.836054706,-0.863804791,-0.602971758,-0.70584411
5ALA-,-0.137927391,-0.524443849,-0.547418,0.904532517,-0.638502961,0.009500194,-0.763479383,-0.40641299,0.610713343,-0.347072244,-0.342235588,-0.706039419,-0.455906015,0.527432685,-0.108134086,-0.428295081,0.831148284,0.608169526,0.851989315,-0.666217957,-0.884993324,-0.142198991,-0.923095604
5ALA+,0.657471609,0.676254605,0.723224731,0.763121391,0.770707904,0.72410517,0.763832469,0.765622846,0.810652435,0.696117313,0.699518197,0.750532849,0.756289372,0.745862651,0.729165836,0.637766772,0.863264179,0.635319398,0.953539034,0.669612412,0.789312506,0.765160723,0.574572376
