,KLF4,MYC,CTNNB1,EPAS1,EZH2,KDM5B,NES,TWIST1,ABCG2,CD34,CD44,NANOG,PROM1,ZFP42,ZSCAN4
Core,-0.494018765,0.243685552,-0.048322275,-0.715794423,0.749679392,0.167762902,0.127319958,-0.360752965,0.154731373,-0.153262536,-0.787326948,0.008483076,-0.090007436,-0.17963311,0.212483117
Rim,-0.559415385,-0.068903475,0.066631253,-0.694936906,0.466507176,0.425345173,0.2217469,-0.494704258,0.640051206,0.065773922,-0.782595485,0.109842568,-0.095578086,-0.378982925,-0.161655852
Inv,-0.050539877,-0.481487922,-0.345639234,0.042394903,-0.414453332,0.192416198,-0.226189727,0.032473078,0.03491697,0.342286031,-0.70584411,0.004769641,-0.526367222,0.472237966,-0.198983997
5ALA-,-0.944924896,-0.694902489,-0.944447969,-0.913784025,-0.684430186,-0.710249802,-0.494611715,-0.748683471,-0.42090718,-0.827249716,-0.923095604,0.024437077,-0.566777278,-0.301801212,NA
5ALA+,-0.859354756,-0.86613278,-0.718397616,-0.892938829,-0.851778271,-0.811786876,-0.721716528,-0.741719196,-0.902572349,-0.864530443,0.574572376,-0.172792943,-0.045127226,NA,0.256517933
