,ALDH1A1,ASCL1,CADM1,CCND2,CDH5,CHD7,HMOX1,HOXD9,MSI1,NFIB,SCAMP3,SLC2A3,TCF7L2,ADGRG1,CD81,CXCR4,DCX,HMGB2,ITGA6,ITGB1,MCAM,MKI67,PTPRC,SLITRK6,SOX9,VIM
Core,-0.041193381,0.453763923,-0.361188629,0.161187492,-0.364614674,0.657495719,-0.631986714,0.039320554,0.242036525,0.692830557,NA,-0.59461769,0.750631032,-0.061658835,-0.111755827,-0.728653396,0.468255184,0.635576016,-0.441797613,-0.308283746,-0.110713736,0.341187527,-0.581582822,0.633817337,-0.334781517,-0.305215127
Rim,0.143506285,0.639206357,-0.459680258,0.153958588,0.080906675,0.745680524,-0.583053448,-0.470333224,0.432668652,0.662145837,NA,-0.553836918,0.703144045,0.540843564,-0.237543511,-0.799511986,0.724324598,0.110034442,-0.135008243,-0.142170501,0.120540661,0.023776179,-0.487317776,0.1980614,-0.422185277,-0.696560603
Inv,-0.106632992,0.114593914,0.120662551,0.066355386,-0.062815303,-0.433401428,-0.655591438,-0.327238039,-0.066500489,0.207885146,-0.380527556,0.279059252,0.287656946,-0.143094043,-0.646470383,-0.744794637,-0.022274034,-0.479717884,-0.446334285,-0.764150889,-0.458894303,-0.405684491,-0.722409975,0.033947572,-0.030613602,-0.631394761
5ALA-,-0.689115801,-0.59435189,-0.934042783,-0.666435771,-0.73153114,-0.682294438,0.095516278,-0.390585286,-0.575930579,-0.636556352,NA,-0.916311031,0.792977503,-0.894680154,-0.733449126,-0.886526655,0.689890634,-0.92296279,0.148384398,-0.78518995,-0.925081466,0.446291466,0.166715175,-0.060622974,-0.698119503,-0.72244963
5ALA+,-0.566308482,-0.360129051,-0.471954415,-0.374730155,-0.288111597,-0.885666681,-0.667994812,-0.429959722,-0.682494936,-0.834286016,NA,-0.789206162,-0.886065203,-0.794686047,-0.695003613,-0.770532703,-0.627892353,-0.76472344,0.355065983,-0.737940408,-0.892518836,-0.129107763,-0.811992718,0.828378606,0.263533138,-0.61440701
